{
    "16": 1708131848.01171,
    "18": 1708131869.94326,
    "19": 1708217714.944468,
    "20": 1708217773.020123,
    "17": 1708131910.770876,
    "15": 1708217602.287729,
    "14": 1708131937.589334,
    "0": 1708217688.721137,
    "1": 1708217668.420012,
    "8": 1708217557.71336,
    "10": 1708132014.134677,
    "7": 1708132119.677483,
    "5": 1708132126.542843,
    "3": 1708217675.586163,
    "4": 1708132143.783573,
    "6": 1708132152.550393,
    "11": 1708132161.616103,
    "12": 1708132173.946109,
    "9": 1708132184.475229,
    "13": 1708217745.594854,
    "2": 1708132211.659715,
    "28": 1708217658.88969,
    "25": 1708217693.584771,
    "24": 1708217680.197892,
    "21": 1708217474.524799,
    "23": 1708217734.786541,
    "22": 1708217510.375347,
    "26": 1708217519.64876,
    "27": 1708217536.640974
}