{
    "5": 1712521962.862172,
    "1": 1712358861.69936,
    "6": 1712359344.517993,
    "4": 1712268664.680948,
    "3": 1712521947.580261,
    "0": 1712268439.574448,
    "2": 1712522359.369838,
    "11": 1712427846.296678,
    "12": 1712522318.088479,
    "10": 1712522373.786221,
    "13": 1712359355.405556,
    "7": 1712522264.122584,
    "9": 1712359068.334507,
    "8": 1712522277.973518,
    "15": 1712428168.833826,
    "20": 1712359302.857211,
    "14": 1712522347.883159,
    "18": 1712359107.883286,
    "16": 1712522390.606116,
    "19": 1712522100.725604,
    "17": 1712521981.280349,
    "21": 1712358956.941004,
    "24": 1712358564.702021,
    "22": 1712521925.417294,
    "28": 1712359327.047843,
    "27": 1712522287.869432,
    "25": 1712522042.00232,
    "26": 1712522077.709536,
    "23": 1712522118.450149,
    "29": 1712428129.275326,
    "32": 1712427508.085653,
    "36": 1712427580.431658,
    "34": 1712522296.33344,
    "33": 1712427626.235071,
    "30": 1712522003.782511,
    "37": 1712522231.286382,
    "35": 1712428117.01057,
    "31": 1712521911.807496,
    "42": 1712521801.599182,
    "41": 1712521812.786829,
    "39": 1712521832.168023,
    "38": 1712521847.917989,
    "40": 1712521859.469199
}