{
    "4": 1714347792.788996,
    "3": 1714348045.917441,
    "2": 1714173636.525635,
    "0": 1714260421.100698,
    "1": 1714347917.350323,
    "7": 1714347850.214386,
    "16": 1714260317.947892,
    "10": 1714347907.579407,
    "5": 1714173758.081856,
    "20": 1714347836.993426,
    "12": 1714348101.391585,
    "13": 1714173778.270677,
    "8": 1714348008.487246,
    "19": 1714347861.74994,
    "11": 1714173319.859112,
    "9": 1714347925.482299,
    "14": 1714260363.5908,
    "6": 1714348057.793204,
    "18": 1714260235.641616,
    "15": 1714347821.418491,
    "17": 1714347693.008644,
    "22": 1714348135.726341,
    "25": 1714348022.819353,
    "28": 1714348121.034276,
    "24": 1714347729.325587,
    "23": 1714348109.784809,
    "26": 1714348036.029309,
    "21": 1714347883.864353,
    "27": 1714347810.176008,
    "31": 1714348151.539061,
    "29": 1714347623.793029,
    "33": 1714347631.384652,
    "35": 1714347637.747078,
    "36": 1714347645.260597,
    "32": 1714347653.657699,
    "30": 1714347665.158997,
    "34": 1714347678.27012,
    "53": 1714518150.047528,
    "50": 1714518174.101238,
    "51": 1714518188.65857,
    "58": 1714518204.749026,
    "57": 1714518212.427244,
    "49": 1714518221.189553,
    "55": 1714518228.979301,
    "44": 1714518238.31478,
    "42": 1714518245.563451,
    "38": 1714518256.045871,
    "37": 1714518322.794961,
    "39": 1714518328.318136,
    "46": 1714518335.874937,
    "47": 1714518343.08033,
    "52": 1714518347.528241,
    "45": 1714518352.794101,
    "43": 1714518359.918309,
    "41": 1714518365.706829,
    "54": 1714518371.76474,
    "40": 1714518381.600929,
    "56": 1714518391.628917,
    "48": 1714518405.550121
}