{
    "4": 1714003934.083477,
    "3": 1714173619.244705,
    "2": 1714173636.525635,
    "0": 1714003961.964219,
    "1": 1714173721.017815,
    "7": 1714173783.519231,
    "16": 1714173752.890374,
    "10": 1714173706.558833,
    "5": 1714173758.081856,
    "20": 1714173190.152589,
    "12": 1714173240.082412,
    "13": 1714173778.270677,
    "8": 1714173739.966264,
    "19": 1714173768.337794,
    "11": 1714173319.859112,
    "9": 1714173514.811074,
    "14": 1714173525.846155,
    "6": 1714173728.59063,
    "18": 1714173746.544443,
    "15": 1714173576.563631,
    "17": 1714173594.821805
}