{
    "2": 1710544638.110232,
    "3": 1710454993.983306,
    "4": 1710544219.693301,
    "5": 1710545119.87938,
    "1": 1710544163.49475,
    "0": 1710545133.957249,
    "6": 1710545128.105669,
    "7": 1710544848.348375,
    "8": 1710544424.238059,
    "9": 1710544198.256456,
    "13": 1710545036.064455,
    "14": 1710544857.045839,
    "12": 1710545173.285338,
    "10": 1710544997.867336,
    "11": 1710544399.550477,
    "18": 1710545178.312971,
    "19": 1710544792.088468,
    "16": 1710544719.765424,
    "21": 1710544984.079966,
    "17": 1710545161.805045,
    "15": 1710544714.754771,
    "20": 1710544707.530704,
    "27": 1710544690.076487,
    "25": 1710544965.096503,
    "28": 1710544841.823342,
    "24": 1710544154.189873,
    "26": 1710544835.188855,
    "29": 1710544415.905647,
    "23": 1710545155.042739,
    "22": 1710545029.685674,
    "32": 1710545110.743263,
    "36": 1710544970.884796,
    "35": 1710544990.101548,
    "33": 1710544945.087001,
    "30": 1710544828.137101,
    "34": 1710545104.164552,
    "37": 1710545166.819113,
    "31": 1710543860.13515
}