{
    "2": 1710192483.019403,
    "3": 1710192609.71367,
    "4": 1710192589.132733,
    "5": 1710192616.292285,
    "1": 1710192593.353903,
    "0": 1710192606.849603,
    "6": 1710192564.629931,
    "7": 1710192582.542564
}