{
    "2": 1710885212.693539,
    "3": 1710809752.850779,
    "4": 1710886172.024181,
    "5": 1710886414.972067,
    "1": 1710809526.973715,
    "0": 1710885337.244967,
    "6": 1710886138.94451,
    "7": 1710809904.880592,
    "8": 1710885648.448777,
    "9": 1710885595.64102,
    "13": 1710809795.794749,
    "14": 1710809540.771934,
    "12": 1710810212.703497,
    "10": 1710885264.530342,
    "11": 1710885102.980143,
    "18": 1710810262.892766,
    "19": 1710715638.323123,
    "16": 1710886120.877612,
    "21": 1710886307.87486,
    "17": 1710809452.122881,
    "15": 1710809490.608356,
    "20": 1710885668.254289,
    "27": 1710886361.810907,
    "25": 1710885313.135721,
    "28": 1710885639.665548,
    "24": 1710885617.914906,
    "26": 1710810153.143782,
    "29": 1710885428.080418,
    "23": 1710886337.070184,
    "22": 1710885690.255214,
    "32": 1710886437.761613,
    "36": 1710886149.073632,
    "35": 1710886394.526056,
    "33": 1710809740.532023,
    "30": 1710544828.137101,
    "34": 1710810200.499751,
    "37": 1710886214.00166,
    "31": 1710886328.23987,
    "38": 1710714260.226394,
    "40": 1710885559.919536,
    "45": 1710809854.686733,
    "42": 1710886190.545799,
    "43": 1710886096.577287,
    "44": 1710809358.814442,
    "39": 1710809887.954133,
    "41": 1710810231.145941,
    "53": 1710809209.838613,
    "50": 1710809239.121097,
    "48": 1710809261.916788,
    "51": 1710809273.249572,
    "46": 1710886378.29335,
    "52": 1710886342.959757,
    "47": 1710886130.302339,
    "49": 1710809330.875024,
    "59": 1710885580.126207,
    "60": 1710885574.027628,
    "55": 1710885024.648208,
    "56": 1710885041.375366,
    "54": 1710886292.975456,
    "58": 1710885441.480494,
    "61": 1710885677.256321,
    "57": 1710885093.709745
}