{
    "0": 1708900184.108035,
    "2": 1708900324.596391,
    "5": 1708989685.414102,
    "4": 1708989804.366355,
    "1": 1708900303.612604,
    "6": 1708989823.263493,
    "3": 1708900272.604266,
    "12": 1708989746.38336,
    "7": 1708989754.597387,
    "8": 1708989776.582797,
    "11": 1708989664.896198,
    "10": 1708989768.725631,
    "9": 1708989793.854454,
    "19": 1708989590.742638,
    "13": 1708989599.909641,
    "16": 1708989611.457583,
    "18": 1708989622.723585,
    "20": 1708989816.55368,
    "17": 1708989830.383702,
    "15": 1708989834.878337,
    "14": 1708989654.373504
}