{
    "0": 1709163660.882045,
    "2": 1709256764.707717,
    "5": 1709256783.379304,
    "4": 1709256723.131344,
    "1": 1709257211.198517,
    "6": 1709256948.411953,
    "3": 1709257218.300476,
    "12": 1709256966.869298,
    "7": 1709082722.306271,
    "8": 1709256788.370257,
    "11": 1709163537.123353,
    "10": 1709256907.671209,
    "9": 1709257201.060896,
    "19": 1709256741.722483,
    "13": 1709083029.536904,
    "16": 1709256758.781769,
    "18": 1709257074.447656,
    "20": 1709257105.924329,
    "17": 1709256733.083166,
    "15": 1709257222.543884,
    "14": 1709256618.485096,
    "22": 1709083016.607755,
    "27": 1709257092.314036,
    "26": 1709257047.338275,
    "24": 1709257252.801378,
    "25": 1709257184.647665,
    "23": 1709257241.234296,
    "21": 1709256603.977306,
    "29": 1709256618.451527,
    "28": 1709256773.786891,
    "36": 1709163637.802475,
    "34": 1709257099.971701,
    "32": 1709256900.859993,
    "30": 1709256593.388477,
    "31": 1709257189.471489,
    "33": 1709257030.032095,
    "35": 1709163250.727195,
    "38": 1709257064.727653,
    "41": 1709256553.789443,
    "37": 1709256563.7391,
    "39": 1709257245.764255,
    "40": 1709257232.7193
}