{
    "0": 1708900184.108035,
    "2": 1708900324.596391,
    "5": 1708900333.691081,
    "4": 1708900143.179114,
    "1": 1708900303.612604,
    "6": 1708900344.837247,
    "3": 1708900272.604266,
    "12": 1708900165.736571,
    "7": 1708900294.345785,
    "8": 1708900289.800785,
    "11": 1708900280.448546,
    "10": 1708900308.489688,
    "9": 1708900286.059552
}