{
    "0": 1712789364.904109,
    "2": 1713037982.356256,
    "5": 1713830019.148946,
    "4": 1712788707.584136,
    "1": 1712789357.989159,
    "6": 1715033454.33485,
    "3": 1713036977.442742,
    "12": 1712095944.849496,
    "7": 1715033413.801461,
    "8": 1715033127.939022,
    "11": 1712096498.86326,
    "10": 1712095886.327042,
    "9": 1715033442.061245,
    "19": 1712181766.300775,
    "13": 1712181718.049396,
    "16": 1714261414.6451,
    "18": 1714261337.571326,
    "20": 1712181998.721146,
    "17": 1712789110.560489,
    "15": 1712523459.670572,
    "14": 1713830123.353282,
    "22": 1714261736.799637,
    "27": 1712788441.055184,
    "26": 1712269330.294529,
    "24": 1712004518.733311,
    "25": 1715033768.530192,
    "23": 1713306773.860128,
    "21": 1715033745.97634,
    "29": 1715034242.430552,
    "28": 1713306120.495922,
    "36": 1714261746.863461,
    "34": 1712096363.291816,
    "32": 1713306084.368118,
    "30": 1713830693.505747,
    "31": 1712788720.489309,
    "33": 1712789217.837306,
    "35": 1712788679.55123,
    "38": 1713037504.871058,
    "41": 1713830380.041895,
    "37": 1714261691.804937,
    "39": 1713037045.605338,
    "40": 1714261684.664835,
    "49": 1715033702.670434,
    "47": 1715034436.516499,
    "46": 1715033098.602023,
    "48": 1715034312.850186,
    "44": 1715033379.980498,
    "43": 1715033329.454988,
    "42": 1714261394.060935,
    "45": 1715034008.831428,
    "54": 1714261433.415297,
    "53": 1714261344.158038,
    "52": 1715034277.551962,
    "55": 1711918326.021617,
    "51": 1712788931.935681,
    "50": 1712096293.486427,
    "56": 1712181507.216226,
    "58": 1713830583.691287,
    "61": 1713830085.15821,
    "57": 1713036997.296497,
    "59": 1712789136.163035,
    "60": 1712789390.132136,
    "65": 1713037959.660857,
    "67": 1713037485.454065,
    "64": 1713037650.968578,
    "66": 1712096537.104709,
    "63": 1714261424.032497,
    "62": 1712523336.845056,
    "68": 1715033477.40773,
    "72": 1712788525.219808,
    "70": 1713306344.231576,
    "74": 1712789327.61929,
    "73": 1712523221.217711,
    "69": 1713306706.385913,
    "71": 1715033999.172559,
    "75": 1715033045.487491,
    "77": 1715034214.424048,
    "83": 1715033121.263029,
    "78": 1713037640.800522,
    "81": 1713306537.730542,
    "80": 1712524048.606272,
    "82": 1713830067.674226,
    "79": 1712788393.62345,
    "76": 1713830141.363435,
    "87": 1715034175.47998,
    "86": 1715033466.94479,
    "85": 1712788535.356163,
    "84": 1713830349.700513,
    "93": 1713037609.66502,
    "91": 1714261777.432225,
    "92": 1715033939.784778,
    "88": 1712789230.119646,
    "89": 1713830462.431701,
    "90": 1713037973.66026,
    "94": 1713830316.542252,
    "97": 1715033921.600889,
    "98": 1715033624.652319,
    "99": 1713305992.735672,
    "100": 1713306108.383831,
    "96": 1713037006.058772,
    "95": 1714261826.693516,
    "101": 1715033317.723168,
    "102": 1712004269.234213,
    "103": 1712523575.652064,
    "104": 1712523504.137498,
    "108": 1712788494.051194,
    "109": 1712789379.447566,
    "107": 1713306413.560973,
    "105": 1713037953.027823,
    "106": 1712524057.89168,
    "113": 1713306009.992839,
    "114": 1712524144.21333,
    "111": 1713830077.6889,
    "116": 1712788474.297964,
    "112": 1715034058.512069,
    "110": 1715033054.621949,
    "115": 1713037587.646618,
    "122": 1713037058.150806,
    "120": 1713306650.315538,
    "123": 1712268790.037449,
    "119": 1713306527.421606,
    "121": 1712788415.533367,
    "124": 1715033022.154055,
    "118": 1713830273.749349,
    "117": 1713306519.103763,
    "127": 1714261486.119636,
    "131": 1712789015.040273,
    "130": 1712788813.116964,
    "128": 1712269114.393848,
    "125": 1715033948.124809,
    "129": 1713830680.073448,
    "132": 1713306070.598581,
    "126": 1711155366.786751,
    "133": 1713305983.832772,
    "135": 1715033933.330548,
    "140": 1715033009.537933,
    "137": 1715034407.670729,
    "138": 1715034186.112862,
    "139": 1715033395.934521,
    "134": 1715033616.982749,
    "136": 1715034415.647217,
    "148": 1715034157.607735,
    "145": 1715033427.470241,
    "143": 1714261472.633593,
    "146": 1715033161.351634,
    "141": 1713830047.745592,
    "147": 1712788819.86572,
    "142": 1713306502.751867,
    "144": 1715033792.90601,
    "154": 1715033145.967179,
    "155": 1712789118.910119,
    "150": 1715034017.180583,
    "151": 1712788673.056051,
    "149": 1712524039.446866,
    "153": 1713037917.123657,
    "156": 1713306750.560089,
    "152": 1712788892.635844,
    "162": 1712788636.250489,
    "164": 1712523275.95043,
    "165": 1712004316.301316,
    "163": 1713306677.413801,
    "160": 1715034231.545387,
    "159": 1715034467.996491,
    "158": 1712268844.473422,
    "157": 1713306436.410502,
    "161": 1712181739.726028,
    "172": 1714261309.665273,
    "171": 1713037069.534495,
    "167": 1713830625.482695,
    "166": 1713829943.882821,
    "168": 1713830107.048088,
    "169": 1713306724.136921,
    "170": 1715033599.070891,
    "173": 1713037020.28495,
    "178": 1713830010.462669,
    "175": 1712788902.109235,
    "176": 1713037561.482809,
    "177": 1712524020.456756,
    "181": 1713037882.639943,
    "179": 1713306455.530817,
    "174": 1712523762.526351,
    "180": 1713037673.788794,
    "186": 1713037032.90386,
    "187": 1712523798.325576,
    "184": 1712788509.659687,
    "188": 1715034397.278267,
    "182": 1712182215.680489,
    "185": 1715033810.213245,
    "189": 1713830647.796053,
    "183": 1712096344.319334,
    "196": 1715034168.058915,
    "195": 1715033976.484184,
    "193": 1713830305.619411,
    "198": 1713306760.38438,
    "194": 1712789091.904394,
    "197": 1713037686.201144,
    "192": 1712523310.922213,
    "191": 1712788486.208398,
    "190": 1712789242.469315,
    "199": 1713830288.518366,
    "204": 1712788644.402283,
    "207": 1713037512.151961,
    "200": 1712788431.293459,
    "201": 1712523803.853266,
    "208": 1712789097.810196,
    "206": 1715033170.418989,
    "203": 1713830591.840325,
    "202": 1713306356.986806,
    "205": 1713036970.33686,
    "217": 1712788925.199886,
    "215": 1712096741.90506,
    "210": 1713305908.761413,
    "211": 1715033666.095581,
    "213": 1713306697.153744,
    "209": 1712789058.784308,
    "212": 1713036962.004834,
    "216": 1712788689.015531,
    "214": 1712269221.105239,
    "221": 1712269164.284568,
    "223": 1713038011.317291,
    "219": 1715033723.929633,
    "220": 1713829908.201262,
    "224": 1712523840.928572,
    "225": 1714261728.71339,
    "222": 1715034048.962228,
    "218": 1713306742.85762,
    "230": 1714261500.49892,
    "226": 1712788699.83736,
    "229": 1713830408.382801,
    "228": 1712789314.951263,
    "227": 1713037865.129192,
    "238": 1713037903.358971,
    "235": 1715034260.381405,
    "234": 1713830361.764725,
    "232": 1712523698.69758,
    "236": 1713038019.913324,
    "233": 1714261678.18466,
    "231": 1715034391.145683,
    "237": 1713305933.123177,
    "241": 1714261708.021651,
    "245": 1713306380.419141,
    "244": 1713306690.647696,
    "248": 1714261651.996961,
    "247": 1713305949.090552,
    "242": 1713830605.038617,
    "240": 1712788867.726299,
    "246": 1712788826.92611,
    "239": 1712523814.130317,
    "243": 1713830428.22398
}