{
    "0": 1711155566.526722,
    "2": 1710545515.098298,
    "5": 1711057551.974007,
    "4": 1711155586.18356,
    "1": 1711155735.007202,
    "6": 1710290488.713618,
    "3": 1710810873.484479,
    "12": 1711155306.099327,
    "7": 1711056763.633243,
    "8": 1711057389.295955,
    "11": 1711056984.203415,
    "10": 1711155398.482139,
    "9": 1710810714.081376,
    "19": 1711309704.94437,
    "13": 1711402815.856027,
    "16": 1711402759.648822,
    "18": 1710886582.96719,
    "20": 1710028442.809949,
    "17": 1710455557.45533,
    "15": 1710887015.949791,
    "14": 1711056748.317534,
    "22": 1710976020.23574,
    "27": 1710810681.799933,
    "26": 1711057682.35135,
    "24": 1710976352.788085,
    "25": 1711155601.931267,
    "23": 1711057630.625207,
    "21": 1710886988.811867,
    "29": 1711056682.842146,
    "28": 1711057180.226437,
    "36": 1711056848.074906,
    "34": 1711056815.153573,
    "32": 1710976514.659272,
    "30": 1711057193.885986,
    "31": 1711231033.249463,
    "33": 1710975935.486192,
    "35": 1710975956.782025,
    "38": 1711057601.948979,
    "41": 1711231014.89795,
    "37": 1711231160.73361,
    "39": 1711057592.941216,
    "40": 1711309627.176079,
    "49": 1711057709.661609,
    "47": 1711231101.529836,
    "46": 1711230955.38454,
    "48": 1711309664.799261,
    "44": 1711309606.372567,
    "43": 1710976478.336879,
    "42": 1710810493.911712,
    "45": 1711402799.203688,
    "54": 1710886669.812518,
    "53": 1711056699.010215,
    "52": 1710976817.232151,
    "55": 1710976246.060019,
    "51": 1710886708.309233,
    "50": 1711057372.048621,
    "56": 1711402785.120462,
    "58": 1710976734.278428,
    "61": 1710455916.508323,
    "57": 1711155526.155766,
    "59": 1710887205.802415,
    "60": 1711057303.860273,
    "65": 1711057564.988164,
    "67": 1710975703.672919,
    "64": 1711309737.773097,
    "66": 1711309778.775608,
    "63": 1710887144.160091,
    "62": 1710975748.50167,
    "68": 1710886874.467372,
    "72": 1710976012.549367,
    "70": 1710975726.08188,
    "74": 1711230977.894283,
    "73": 1711155623.903925,
    "69": 1710976314.575958,
    "71": 1711309757.251979,
    "75": 1711231122.80322,
    "77": 1710975531.268042,
    "83": 1711057153.329749,
    "78": 1711057276.043111,
    "81": 1711155575.171819,
    "80": 1711155782.916553,
    "82": 1710976568.512722,
    "79": 1711155560.799468,
    "76": 1711309682.700272,
    "87": 1711057732.446761,
    "86": 1710975489.827573,
    "85": 1710976196.435699,
    "84": 1711309721.938228,
    "93": 1710976496.994577,
    "91": 1711057345.466868,
    "92": 1711402768.124353,
    "88": 1710810995.5148,
    "89": 1711057756.344716,
    "90": 1710976471.783496,
    "94": 1710975567.735579,
    "97": 1710885212.693539,
    "98": 1711231075.322817,
    "99": 1711155742.077444,
    "100": 1710976790.506846,
    "96": 1711402743.241089,
    "95": 1710975632.943918,
    "101": 1710886138.94451,
    "102": 1711155793.228433,
    "103": 1710885648.448777,
    "104": 1711155424.260988,
    "108": 1710976803.794402,
    "109": 1710809540.771934,
    "107": 1711056787.660693,
    "105": 1711155410.094228,
    "106": 1711155749.627112,
    "113": 1711231058.999149,
    "114": 1711231151.274167,
    "111": 1710976228.055862,
    "116": 1711155800.554847,
    "112": 1710809452.122881,
    "110": 1711155610.749284,
    "115": 1710885668.254289,
    "122": 1711155388.535171,
    "120": 1710885313.135721,
    "123": 1711155441.376407,
    "119": 1710976761.799126,
    "121": 1711155720.634044,
    "124": 1711155771.189482,
    "118": 1710976169.124044,
    "117": 1711402735.070138,
    "127": 1711155834.225873,
    "131": 1711155551.889486,
    "130": 1711155379.579911,
    "128": 1711056831.560522,
    "125": 1710976304.520201,
    "129": 1711057657.977048,
    "132": 1710976721.752235,
    "126": 1711155366.786751,
    "133": 1711155328.176602,
    "135": 1711155826.255633,
    "140": 1710975687.834642,
    "137": 1710975906.003207,
    "138": 1710886096.577287,
    "139": 1710976544.738271,
    "134": 1711056864.227083,
    "136": 1711057005.105725,
    "148": 1711056727.933305,
    "145": 1710976745.179584,
    "143": 1710976675.141769,
    "146": 1711155537.880728,
    "141": 1710975924.261119,
    "147": 1711309644.469392,
    "142": 1710886130.302339,
    "144": 1711402822.561205,
    "154": 1711402706.91445,
    "155": 1710885574.027628,
    "150": 1711155352.65609,
    "151": 1710976557.578929,
    "149": 1711402833.450216,
    "153": 1710975656.563378,
    "156": 1710976429.932132,
    "152": 1710976271.928641
}