{
    "0": 1709856280.069536,
    "2": 1709856547.296721,
    "5": 1709856510.833502,
    "4": 1709856888.17317,
    "1": 1709856928.784502,
    "6": 1709856899.381762,
    "3": 1709856873.98208,
    "12": 1709856715.049128,
    "7": 1709600741.824102,
    "8": 1709688737.955994,
    "11": 1709688924.993981,
    "10": 1709856295.321683,
    "9": 1709856774.675208,
    "19": 1709856764.621589,
    "13": 1709688946.819159,
    "16": 1709856359.636574,
    "18": 1709856498.765713,
    "20": 1709856882.152031,
    "17": 1709688733.902095,
    "15": 1709856801.395497,
    "14": 1709856580.277054,
    "22": 1709856936.068005,
    "27": 1709856311.128442,
    "26": 1709688937.745333,
    "24": 1709856752.963191,
    "25": 1709856464.054692,
    "23": 1709856520.533244,
    "21": 1709688697.607206,
    "29": 1709856327.114617,
    "28": 1709856369.671685,
    "36": 1709856348.636998,
    "34": 1709856722.487866,
    "32": 1709856536.512773,
    "30": 1709856382.181543,
    "31": 1709856945.627809,
    "33": 1709509038.028926,
    "35": 1709856305.165873,
    "38": 1709688642.980735,
    "41": 1709688721.812268,
    "37": 1709856733.158932,
    "39": 1709856528.438314,
    "40": 1709856905.460477,
    "49": 1709856746.105126,
    "47": 1709856570.298695,
    "46": 1709856705.651331,
    "48": 1709856483.052187,
    "44": 1709856795.271671,
    "43": 1709856950.562298,
    "42": 1709856913.619054,
    "45": 1709856337.938863
}