{
    "0": 1710028607.745027,
    "2": 1709856547.296721,
    "5": 1710028568.619993,
    "4": 1710028412.045927,
    "1": 1709856928.784502,
    "6": 1709856899.381762,
    "3": 1710028589.492987,
    "12": 1710028659.066429,
    "7": 1709600741.824102,
    "8": 1710028434.286667,
    "11": 1710028428.927778,
    "10": 1710028458.347319,
    "9": 1709856774.675208,
    "19": 1709856764.621589,
    "13": 1710028645.359952,
    "16": 1710028390.361108,
    "18": 1709856498.765713,
    "20": 1710028442.809949,
    "17": 1709688733.902095,
    "15": 1709856801.395497,
    "14": 1709856580.277054,
    "22": 1709856936.068005,
    "27": 1710028474.344357,
    "26": 1709688937.745333,
    "24": 1709856752.963191,
    "25": 1709856464.054692,
    "23": 1709856520.533244,
    "21": 1709688697.607206,
    "29": 1710028672.755238,
    "28": 1709856369.671685,
    "36": 1710028404.407867,
    "34": 1710028614.25345,
    "32": 1709856536.512773,
    "30": 1709856382.181543,
    "31": 1709856945.627809,
    "33": 1710028422.831488,
    "35": 1709856305.165873,
    "38": 1709688642.980735,
    "41": 1709688721.812268,
    "37": 1710028467.014717,
    "39": 1710028396.481929,
    "40": 1710028601.60569,
    "49": 1709856746.105126,
    "47": 1710028693.635618,
    "46": 1709856705.651331,
    "48": 1709856483.052187,
    "44": 1709856795.271671,
    "43": 1709856950.562298,
    "42": 1710028560.764067,
    "45": 1709856337.938863
}