{
    "0": 1711822480.898579,
    "2": 1712004533.130458,
    "5": 1712181586.878831,
    "4": 1712096624.292358,
    "1": 1712096276.26655,
    "6": 1712182026.066901,
    "3": 1712095859.398149,
    "12": 1712095944.849496,
    "7": 1712182446.212049,
    "8": 1712268918.414241,
    "11": 1712096498.86326,
    "10": 1712095886.327042,
    "9": 1712524034.176321,
    "19": 1712181766.300775,
    "13": 1712181718.049396,
    "16": 1712095279.646605,
    "18": 1712268949.801305,
    "20": 1712181998.721146,
    "17": 1712004656.046925,
    "15": 1712523459.670572,
    "14": 1712095683.979387,
    "22": 1712269337.971681,
    "27": 1711582614.429768,
    "26": 1712269330.294529,
    "24": 1712004518.733311,
    "25": 1712181602.996566,
    "23": 1712004709.762239,
    "21": 1712181569.86429,
    "29": 1712095179.867754,
    "28": 1711581773.690653,
    "36": 1712523176.504657,
    "34": 1712096363.291816,
    "32": 1712182313.970606,
    "30": 1711918320.582724,
    "31": 1712003703.846091,
    "33": 1712096438.381875,
    "35": 1712095952.804934,
    "38": 1712003676.857742,
    "41": 1712269353.680664,
    "37": 1712095240.811481,
    "39": 1712095625.758819,
    "40": 1712269439.181682,
    "49": 1712095231.874072,
    "47": 1712523165.609399,
    "46": 1712269425.003901,
    "48": 1711822602.096988,
    "44": 1712523203.509283,
    "43": 1712523449.745805,
    "42": 1712096484.133096,
    "45": 1712095659.901817,
    "54": 1712003642.690964,
    "53": 1712096302.413278,
    "52": 1712096618.210399,
    "55": 1711918326.021617,
    "51": 1712096526.29974,
    "50": 1712096293.486427,
    "56": 1712181507.216226,
    "58": 1712182125.314062,
    "61": 1712095563.411506,
    "57": 1712004669.552651,
    "59": 1712095382.715293,
    "60": 1712096354.40424,
    "65": 1712095448.67436,
    "67": 1712095464.885725,
    "64": 1711823107.886746,
    "66": 1712096537.104709,
    "63": 1712182438.774104,
    "62": 1712523336.845056,
    "68": 1712524067.247638,
    "72": 1712004899.805495,
    "70": 1712004729.207286,
    "74": 1711581287.524565,
    "73": 1712523221.217711,
    "69": 1712181821.912779,
    "71": 1712181497.111886,
    "75": 1712003615.261011,
    "77": 1712096322.168268,
    "83": 1712523591.081565,
    "78": 1712004261.628584,
    "81": 1711155575.171819,
    "80": 1712524048.606272,
    "82": 1712182195.236756,
    "79": 1711822473.593959,
    "76": 1712003924.379957,
    "87": 1712269150.471596,
    "86": 1711918154.247199,
    "85": 1712004282.431474,
    "84": 1712003848.479105,
    "93": 1712095266.543436,
    "91": 1712523549.89167,
    "92": 1712523230.667995,
    "88": 1712095440.331984,
    "89": 1711823333.973045,
    "90": 1711581658.940978,
    "94": 1712181773.529681,
    "97": 1712269365.839234,
    "98": 1712523241.805446,
    "99": 1712096308.357806,
    "100": 1712181525.098476,
    "96": 1712096670.873144,
    "95": 1712004687.287193,
    "101": 1712523967.849378,
    "102": 1712004269.234213,
    "103": 1712523575.652064,
    "104": 1712523504.137498,
    "108": 1712003938.610097,
    "109": 1712096432.624032,
    "107": 1711056787.660693,
    "105": 1712003901.838676,
    "106": 1712524057.89168,
    "113": 1712182188.28968,
    "114": 1712524144.21333,
    "111": 1712181577.187777,
    "116": 1711155800.554847,
    "112": 1712268882.602312,
    "110": 1712268851.504307,
    "115": 1712096233.436895,
    "122": 1712095134.670891,
    "120": 1712182178.846804,
    "123": 1712268790.037449,
    "119": 1712095389.432194,
    "121": 1712095254.81134,
    "124": 1712268776.350549,
    "118": 1712096636.118613,
    "117": 1712181953.010775,
    "127": 1712096511.45793,
    "131": 1712004935.949478,
    "130": 1711582216.002925,
    "128": 1712269114.393848,
    "125": 1712003580.120745,
    "129": 1711918184.648213,
    "132": 1712182157.842769,
    "126": 1711155366.786751,
    "133": 1712182400.371246,
    "135": 1712523874.820345,
    "140": 1712524130.984268,
    "137": 1712523991.492905,
    "138": 1712095399.840365,
    "139": 1712523471.690479,
    "134": 1712523833.790615,
    "136": 1712269090.472929,
    "148": 1712095647.754048,
    "145": 1712182132.781587,
    "143": 1712268977.618801,
    "146": 1712523261.319133,
    "141": 1712182014.857907,
    "147": 1712003716.192128,
    "142": 1712182169.550808,
    "144": 1712181964.078478,
    "154": 1712269385.286642,
    "155": 1712095415.051014,
    "150": 1712004441.522284,
    "151": 1712003685.439739,
    "149": 1712524039.446866,
    "153": 1712003910.510475,
    "156": 1712096492.69121,
    "152": 1712095456.142854,
    "162": 1712096720.69493,
    "164": 1712523275.95043,
    "165": 1712004316.301316,
    "163": 1711822906.649719,
    "160": 1711918201.592913,
    "159": 1712095851.473773,
    "158": 1712268844.473422,
    "157": 1712182335.219942,
    "161": 1712181739.726028,
    "172": 1711823676.209541,
    "171": 1711918193.354877,
    "167": 1712181701.542039,
    "166": 1712181939.278162,
    "168": 1712269454.263597,
    "169": 1712181808.196047,
    "170": 1712269104.003725,
    "173": 1711918232.625632,
    "178": 1712181730.0794,
    "175": 1712095674.736156,
    "176": 1711823342.169564,
    "177": 1712524020.456756,
    "181": 1712181558.221181,
    "179": 1712182382.859569,
    "174": 1712523762.526351,
    "180": 1712095606.158811,
    "186": 1712095639.051506,
    "187": 1712523798.325576,
    "184": 1712096732.818144,
    "188": 1712181988.425877,
    "182": 1712182215.680489,
    "185": 1712268869.064648,
    "189": 1712182460.253388,
    "183": 1712096344.319334,
    "196": 1712096522.647679,
    "195": 1712095825.436946,
    "193": 1712182043.970919,
    "198": 1712181481.525694,
    "194": 1712004237.83013,
    "197": 1712182224.598125,
    "192": 1712523310.922213,
    "191": 1712095429.351154,
    "190": 1712096711.474033,
    "199": 1712095170.692728,
    "204": 1712095937.159578,
    "207": 1712096446.500068,
    "200": 1712095375.801285,
    "201": 1712523803.853266,
    "208": 1712095581.419564,
    "206": 1712523565.728958,
    "203": 1712182183.32453,
    "202": 1712181974.676992,
    "205": 1712096455.481737,
    "217": 1712095839.060923,
    "215": 1712096741.90506,
    "210": 1712181832.280394,
    "211": 1712182351.438572,
    "213": 1712181784.221609,
    "209": 1712096665.936333,
    "212": 1712095199.204516,
    "216": 1712095698.71226,
    "214": 1712269221.105239,
    "221": 1712269164.284568,
    "223": 1712181918.649061,
    "219": 1712523483.42425,
    "220": 1711917718.201945,
    "224": 1712523840.928572,
    "225": 1712269137.900579,
    "222": 1712523751.877413,
    "218": 1712096648.50702,
    "230": 1712269079.479642,
    "226": 1712003301.186075,
    "229": 1712003276.753371,
    "228": 1711917688.340146,
    "227": 1711917707.049607,
    "238": 1712182371.426653,
    "235": 1712523858.20137,
    "234": 1712268909.001351,
    "232": 1712523698.69758,
    "236": 1712181610.420922,
    "233": 1712096692.195742,
    "231": 1712269504.89571,
    "237": 1712003347.40632,
    "241": 1712523532.238324,
    "245": 1712182428.991808,
    "244": 1712003312.18679,
    "248": 1712269494.299612,
    "247": 1712003121.137598,
    "242": 1712269179.873478,
    "240": 1712003143.152495,
    "246": 1712003152.837884,
    "239": 1712523814.130317,
    "243": 1712269201.200157
}