{
    "0": 1709600734.839173,
    "2": 1709600764.234741,
    "5": 1709600670.438777,
    "4": 1709688920.17543,
    "1": 1709414701.136782,
    "6": 1709688912.21505,
    "3": 1709509012.18524,
    "12": 1709600916.290978,
    "7": 1709600741.824102,
    "8": 1709688737.955994,
    "11": 1709688924.993981,
    "10": 1709509364.276764,
    "9": 1709688634.825693,
    "19": 1709600849.367468,
    "13": 1709688946.819159,
    "16": 1709600859.387476,
    "18": 1709600659.272769,
    "20": 1709601045.694225,
    "17": 1709688733.902095,
    "15": 1709688903.897752,
    "14": 1709688931.250243,
    "22": 1709600369.566342,
    "27": 1709508929.488079,
    "26": 1709688937.745333,
    "24": 1709688871.73547,
    "25": 1709600450.623026,
    "23": 1709600397.208032,
    "21": 1709688697.607206,
    "29": 1709601009.774023,
    "28": 1709600503.729054,
    "36": 1709601033.290692,
    "34": 1709600878.188241,
    "32": 1709601076.392813,
    "30": 1709600486.610423,
    "31": 1709688888.697517,
    "33": 1709509038.028926,
    "35": 1709508972.353498,
    "38": 1709688642.980735,
    "41": 1709688721.812268,
    "37": 1709688896.360207,
    "39": 1709600676.643743,
    "40": 1709688684.061829,
    "49": 1709688671.890367,
    "47": 1709600419.794035,
    "46": 1709601071.362692,
    "48": 1709600727.16379,
    "44": 1709688728.485747,
    "43": 1709688706.727834,
    "42": 1709600695.389477,
    "45": 1709600997.413137
}