{
    "0": 1710193369.525279,
    "2": 1710194008.814878,
    "5": 1710193345.001426,
    "4": 1710193291.53938,
    "1": 1710192693.758791,
    "6": 1709856899.381762,
    "3": 1710193132.658409,
    "12": 1710194211.207127,
    "7": 1710192736.815559,
    "8": 1710193150.753172,
    "11": 1710194219.951167,
    "10": 1710193942.589569,
    "9": 1710192895.458083,
    "19": 1710194229.275414,
    "13": 1710194097.679189,
    "16": 1710193551.381748,
    "18": 1710192719.234077,
    "20": 1710028442.809949,
    "17": 1710192922.167721,
    "15": 1710193000.508119,
    "14": 1710192774.065701,
    "22": 1710192933.13238,
    "27": 1710028474.344357,
    "26": 1710193470.667735,
    "24": 1709856752.963191,
    "25": 1710193978.351599,
    "23": 1710192887.768909,
    "21": 1709688697.607206,
    "29": 1710028672.755238,
    "28": 1710193962.977386,
    "36": 1710193285.188328,
    "34": 1710194168.807667,
    "32": 1709856536.512773,
    "30": 1710193516.672962,
    "31": 1710192963.392091,
    "33": 1710193444.485766,
    "35": 1710193364.310123,
    "38": 1710193928.781004,
    "41": 1710192669.034367,
    "37": 1710193951.090448,
    "39": 1710193733.486821,
    "40": 1710193757.895926,
    "49": 1710193992.420035,
    "47": 1710193326.88191,
    "46": 1710193843.648323,
    "48": 1710193172.396161,
    "44": 1710193815.451936,
    "43": 1710192802.208699,
    "42": 1710193337.619607,
    "45": 1709856337.938863,
    "54": 1710028293.204719,
    "53": 1710027670.314356,
    "52": 1709855575.232474,
    "55": 1710193309.702712,
    "51": 1710193967.597773,
    "50": 1710193527.904716,
    "56": 1710194190.117254,
    "58": 1710194125.261666,
    "61": 1710193538.136554,
    "57": 1710194117.492695,
    "59": 1710193126.809919,
    "60": 1710192785.936918,
    "65": 1709855993.866605,
    "67": 1710193353.270168,
    "64": 1710192794.08568,
    "66": 1710192990.653588,
    "63": 1710028192.524583,
    "62": 1710194026.202733,
    "68": 1710193144.421994,
    "72": 1710027531.217175,
    "70": 1710194001.117663,
    "74": 1710193089.09861,
    "73": 1710194162.931199,
    "69": 1710192732.161018,
    "71": 1710193460.595435,
    "75": 1710193505.050711,
    "77": 1710193620.439623,
    "83": 1710193700.74775,
    "78": 1710028251.42662,
    "81": 1710193065.896782,
    "80": 1710193767.948758,
    "82": 1710194138.773524,
    "79": 1710192977.945418,
    "76": 1710193119.575481,
    "87": 1710027425.125164,
    "86": 1710193267.462228,
    "85": 1710193832.258445,
    "84": 1710194204.522905,
    "93": 1710119361.3207,
    "91": 1710119366.752649,
    "92": 1710119372.504065,
    "88": 1710119389.583811,
    "89": 1710119397.875502,
    "90": 1710119403.934398,
    "94": 1710119408.791358
}