{
    "0": 1709338648.747306,
    "2": 1709256764.707717,
    "5": 1709338265.573739,
    "4": 1709256723.131344,
    "1": 1709338033.438273,
    "6": 1709338629.258192,
    "3": 1709257218.300476,
    "12": 1709256966.869298,
    "7": 1709082722.306271,
    "8": 1709338167.059355,
    "11": 1709163537.123353,
    "10": 1709338279.780511,
    "9": 1709257201.060896,
    "19": 1709338464.205546,
    "13": 1709083029.536904,
    "16": 1709338103.222995,
    "18": 1709257074.447656,
    "20": 1709338127.568785,
    "17": 1709338272.752104,
    "15": 1709338455.887627,
    "14": 1709338644.757493,
    "22": 1709083016.607755,
    "27": 1709338118.988791,
    "26": 1709257047.338275,
    "24": 1709257252.801378,
    "25": 1709338112.372421,
    "23": 1709257241.234296,
    "21": 1709256603.977306,
    "29": 1709338489.595733,
    "28": 1709338433.238888,
    "36": 1709338443.122995,
    "34": 1709338608.807564,
    "32": 1709338638.942906,
    "30": 1709338600.778408,
    "31": 1709338389.958332,
    "33": 1709338589.709376,
    "35": 1709338424.621323,
    "38": 1709257064.727653,
    "41": 1709338291.054393,
    "37": 1709256563.7391,
    "39": 1709338581.066016,
    "40": 1709338173.24399,
    "49": 1709338301.458612,
    "47": 1709338254.716944,
    "46": 1709337966.814845,
    "48": 1709338479.223599,
    "44": 1709338616.195407,
    "43": 1709338620.283321,
    "42": 1709338135.188829,
    "45": 1709338417.982774
}