{
    "0": 1711822480.898579,
    "2": 1711582153.315639,
    "5": 1711918237.567577,
    "4": 1711582029.713456,
    "1": 1711155735.007202,
    "6": 1711822812.032878,
    "3": 1711822442.226666,
    "12": 1711581296.846793,
    "7": 1711496499.368681,
    "8": 1711582407.640867,
    "11": 1711581943.564228,
    "10": 1711581756.393042,
    "9": 1710810714.081376,
    "19": 1711917984.230045,
    "13": 1711822616.336625,
    "16": 1711822652.140921,
    "18": 1711918508.718578,
    "20": 1711918347.702551,
    "17": 1710455557.45533,
    "15": 1711496793.33253,
    "14": 1711582643.969486,
    "22": 1711496245.522045,
    "27": 1711582614.429768,
    "26": 1711918535.749713,
    "24": 1710976352.788085,
    "25": 1711581429.007299,
    "23": 1711582373.20526,
    "21": 1711496350.949661,
    "29": 1711823749.501608,
    "28": 1711581773.690653,
    "36": 1711917879.591109,
    "34": 1711056815.153573,
    "32": 1711917866.954478,
    "30": 1711918320.582724,
    "31": 1711581936.550393,
    "33": 1710975935.486192,
    "35": 1711582352.203405,
    "38": 1711581710.590646,
    "41": 1711581969.709739,
    "37": 1711231160.73361,
    "39": 1711581466.250863,
    "40": 1711582331.691555,
    "49": 1711496785.974771,
    "47": 1711581402.269577,
    "46": 1711582145.146058,
    "48": 1711822602.096988,
    "44": 1711823790.390091,
    "43": 1710976478.336879,
    "42": 1711581130.875081,
    "45": 1711402799.203688,
    "54": 1711582692.281968,
    "53": 1711822666.009715,
    "52": 1711498729.821607,
    "55": 1711918326.021617,
    "51": 1711581999.809638,
    "50": 1711057372.048621,
    "56": 1711582541.821459,
    "58": 1711823155.039173,
    "61": 1711581516.829599,
    "57": 1711582017.126715,
    "59": 1711823760.673551,
    "60": 1711822671.632366,
    "65": 1711823118.154776,
    "67": 1711582135.41064,
    "64": 1711823107.886746,
    "66": 1711309778.775608,
    "63": 1711496236.135483,
    "62": 1711496224.291072,
    "68": 1711581978.978138,
    "72": 1711582242.018433,
    "70": 1711581141.33493,
    "74": 1711581287.524565,
    "73": 1711823696.746245,
    "69": 1711823164.999425,
    "71": 1711823125.907785,
    "75": 1711581914.263344,
    "77": 1711498597.664085,
    "83": 1711918374.344132,
    "78": 1711496547.855645,
    "81": 1711155575.171819,
    "80": 1711155782.916553,
    "82": 1711581415.146687,
    "79": 1711822473.593959,
    "76": 1711309682.700272,
    "87": 1711582428.79252,
    "86": 1711918154.247199,
    "85": 1711582342.04363,
    "84": 1711582444.585554,
    "93": 1711582194.564441,
    "91": 1711581623.949669,
    "92": 1711822661.144343,
    "88": 1711823043.304894,
    "89": 1711823333.973045,
    "90": 1711581658.940978,
    "94": 1711918477.81271,
    "97": 1711496454.754113,
    "98": 1711581486.917044,
    "99": 1711155742.077444,
    "100": 1711918176.351485,
    "96": 1711402743.241089,
    "95": 1711496176.094034,
    "101": 1711582172.03845,
    "102": 1711582552.042892,
    "103": 1710885648.448777,
    "104": 1711918563.358077,
    "108": 1711581723.140567,
    "109": 1711581671.383057,
    "107": 1711056787.660693,
    "105": 1711581745.402387,
    "106": 1711822629.441711,
    "113": 1711918336.128736,
    "114": 1711822494.703977,
    "111": 1711823470.084302,
    "116": 1711155800.554847,
    "112": 1711581158.509167,
    "110": 1711582380.357957,
    "115": 1711822849.880675,
    "122": 1711582653.076943,
    "120": 1711918517.655956,
    "123": 1711581224.490182,
    "119": 1711822917.730429,
    "121": 1711582229.975176,
    "124": 1711155771.189482,
    "118": 1711918331.625268,
    "117": 1711918215.507629,
    "127": 1711581250.924031,
    "131": 1711581441.868334,
    "130": 1711582216.002925,
    "128": 1711581174.73911,
    "125": 1711496755.687153,
    "129": 1711918184.648213,
    "132": 1710976721.752235,
    "126": 1711155366.786751,
    "133": 1711917897.200154,
    "135": 1711823072.816421,
    "140": 1711581795.582116,
    "137": 1711582680.971368,
    "138": 1711496262.242064,
    "139": 1711581954.421983,
    "134": 1711498785.650002,
    "136": 1711582395.479707,
    "148": 1711581271.940875,
    "145": 1711918130.311738,
    "143": 1711918491.183099,
    "146": 1711581475.484764,
    "141": 1711823432.870024,
    "147": 1711582420.685103,
    "142": 1711917970.406835,
    "144": 1711918568.966272,
    "154": 1711918145.565931,
    "155": 1711823479.720474,
    "150": 1711155352.65609,
    "151": 1711582180.047946,
    "149": 1711822503.465037,
    "153": 1711498673.759928,
    "156": 1711581990.729873,
    "152": 1711496190.292657,
    "162": 1711823722.620825,
    "164": 1711401774.768918,
    "165": 1711582592.307547,
    "163": 1711822906.649719,
    "160": 1711918201.592913,
    "159": 1711402585.166336,
    "158": 1711581697.364685,
    "157": 1711822690.376271,
    "161": 1711918364.351179,
    "172": 1711823676.209541,
    "171": 1711918193.354877,
    "167": 1711822828.973667,
    "166": 1711822639.864384,
    "168": 1711401990.038238,
    "169": 1711823414.551274,
    "170": 1711917849.3332,
    "173": 1711918232.625632,
    "178": 1711822869.402492,
    "175": 1711823087.143617,
    "176": 1711823342.169564,
    "177": 1711581504.711363,
    "181": 1711402438.636999,
    "179": 1711918357.955378,
    "174": 1711917857.369246,
    "180": 1711822380.439686,
    "186": 1711495609.150196,
    "187": 1711822456.802412,
    "184": 1711823449.241522,
    "188": 1711918529.07074,
    "182": 1711918548.958669,
    "185": 1711918499.095037,
    "189": 1711917910.011733,
    "183": 1711822588.458411,
    "196": 1711822898.439085,
    "195": 1711823100.194075,
    "193": 1711823460.264477,
    "198": 1711822514.167644,
    "194": 1711495588.722333,
    "197": 1711917996.58439,
    "192": 1711822862.33934,
    "191": 1711495700.640043,
    "190": 1711822431.332939,
    "199": 1711823440.082697,
    "204": 1711823773.867366,
    "207": 1711822419.3731,
    "200": 1711822796.586997,
    "201": 1711582602.624791,
    "208": 1711823735.392429,
    "206": 1711401422.934698,
    "203": 1711918380.935075,
    "202": 1711495622.227713,
    "205": 1711823142.555397,
    "217": 1711495048.058698,
    "215": 1711917960.61622,
    "210": 1711822881.297306,
    "211": 1711823396.355725,
    "213": 1711918019.549904,
    "209": 1711918397.001183,
    "212": 1711823669.202446,
    "216": 1711823713.141801,
    "214": 1711495292.945148
}