{
    "0": 1710545423.212167,
    "2": 1710545515.098298,
    "5": 1710290297.365658,
    "4": 1710455480.563874,
    "1": 1710545303.462173,
    "6": 1710290488.713618,
    "3": 1710290026.846852,
    "12": 1710455409.534594,
    "7": 1710192736.815559,
    "8": 1710193150.753172,
    "11": 1710290413.771572,
    "10": 1710545261.763301,
    "9": 1710290631.506467,
    "19": 1710545637.497815,
    "13": 1710455472.129882,
    "16": 1710193551.381748,
    "18": 1710545242.765169,
    "20": 1710028442.809949,
    "17": 1710455557.45533,
    "15": 1710545465.456352,
    "14": 1710545609.401828,
    "22": 1710290999.900624,
    "27": 1710028474.344357,
    "26": 1710545254.369309,
    "24": 1710455986.902764,
    "25": 1710455818.675811,
    "23": 1710290436.11687,
    "21": 1710455438.833653,
    "29": 1710545445.413896,
    "28": 1710545433.792696,
    "36": 1710545341.197912,
    "34": 1710455460.785944,
    "32": 1709856536.512773,
    "30": 1710290448.26214,
    "31": 1710192963.392091,
    "33": 1710193444.485766,
    "35": 1710455823.665688,
    "38": 1710545614.299757,
    "41": 1710455448.584394,
    "37": 1710455728.441813,
    "39": 1710291243.117029,
    "40": 1710545601.724665,
    "49": 1710291109.3998,
    "47": 1710545273.244638,
    "46": 1710545325.998128,
    "48": 1710455934.953024,
    "44": 1710545594.349337,
    "43": 1710455429.839165,
    "42": 1710455956.919834,
    "45": 1710545460.000926,
    "54": 1710545235.479818,
    "53": 1710291128.74038,
    "52": 1710455456.762262,
    "55": 1710455910.255136,
    "51": 1710455833.296098,
    "50": 1710290078.297267,
    "56": 1710455624.966355,
    "58": 1710545643.646103,
    "61": 1710455916.508323,
    "57": 1710455649.036855,
    "59": 1710545582.098672,
    "60": 1710455419.932769,
    "65": 1710456000.404694,
    "67": 1710545471.092965,
    "64": 1710545651.522667,
    "66": 1710192990.653588,
    "63": 1710545629.082011,
    "62": 1710545499.197053,
    "68": 1710455944.195348,
    "72": 1710455799.296962,
    "70": 1710455639.584198,
    "74": 1710455993.080295,
    "73": 1710455975.932957,
    "69": 1710455425.454519,
    "71": 1710455789.293439,
    "75": 1710455593.497735,
    "77": 1710455782.612208,
    "83": 1710545507.256992,
    "78": 1710290978.675286,
    "81": 1710455720.984019,
    "80": 1710290536.608924,
    "82": 1710545451.299765,
    "79": 1710455965.328916,
    "76": 1710455572.581117,
    "87": 1710291123.464095,
    "86": 1710545576.624387,
    "85": 1710455657.86868,
    "84": 1710545318.428456,
    "93": 1710455582.237698,
    "91": 1710455764.03993,
    "92": 1710455564.28141,
    "88": 1710455747.420992,
    "89": 1710455615.30257,
    "90": 1710290501.82966,
    "94": 1710545352.16571
}