{
    "0": 1715301719.053555,
    "4": 1715213546.842877,
    "2": 1716073515.212177,
    "5": 1716074123.512052,
    "8": 1715211586.202469,
    "1": 1716073618.114889,
    "6": 1715213575.238692,
    "7": 1715301964.062847,
    "9": 1715211642.282561,
    "3": 1716075682.308403,
    "19": 1716075671.450815,
    "12": 1715301777.002485,
    "13": 1716074335.929188,
    "16": 1716075699.660075,
    "14": 1716074298.908647,
    "10": 1716073632.936887,
    "18": 1716074359.405071,
    "15": 1716073592.562793,
    "17": 1716073712.113399,
    "11": 1716073672.889879,
    "26": 1716073734.58711,
    "27": 1716074256.999507,
    "21": 1716074382.952229,
    "28": 1716073767.673107,
    "23": 1716073560.392668,
    "22": 1716074270.802523,
    "24": 1715301474.75107,
    "29": 1716073573.944535,
    "25": 1716074155.340096,
    "20": 1716074320.682578,
    "37": 1716073046.697068,
    "36": 1716073070.803523,
    "39": 1716073089.642105,
    "34": 1716073118.606716,
    "32": 1716073138.734496,
    "33": 1716073189.896253,
    "31": 1716073214.0519,
    "35": 1716073248.89622,
    "38": 1716073276.250299,
    "30": 1716073291.880342
}