{
    "5": 1714694073.757212,
    "1": 1714523938.197157,
    "2": 1714694117.432975,
    "0": 1714694167.934888,
    "4": 1714518753.49614,
    "3": 1714694134.642685,
    "11": 1714693062.739976,
    "9": 1714693098.892886,
    "7": 1714693110.690141,
    "6": 1714693124.742936,
    "13": 1714693136.480784,
    "14": 1714693165.02759,
    "8": 1714693173.483436,
    "10": 1714694042.014569,
    "12": 1714694044.400165
}