{
    "1": 1713487495.498054,
    "2": 1713566488.295121,
    "7": 1713567029.147871,
    "5": 1713566956.973569,
    "6": 1713566728.861415,
    "0": 1713566836.235649,
    "4": 1713566695.758195,
    "3": 1713567106.25485,
    "11": 1713566991.256609,
    "9": 1713487427.856823,
    "12": 1713566702.292347,
    "15": 1713566952.315858,
    "14": 1713487318.995898,
    "10": 1713566814.230432,
    "16": 1713566984.020353,
    "17": 1713566719.553814,
    "13": 1713566853.976125,
    "8": 1713566531.772889,
    "18": 1713566963.990665,
    "22": 1713566524.082243,
    "25": 1713566882.587818,
    "28": 1713567003.356513,
    "20": 1713566973.26353,
    "24": 1713566680.10563,
    "19": 1713566901.751687,
    "27": 1713566857.455667,
    "21": 1713566755.227499,
    "26": 1713566403.025037,
    "23": 1713566996.479857
}