{
    "1": 1713723440.261705,
    "2": 1713723471.02985,
    "7": 1713567029.147871,
    "5": 1713828073.760327,
    "6": 1713566728.861415,
    "0": 1713828237.541719,
    "4": 1713827998.801626,
    "3": 1713723602.541955,
    "11": 1713723660.801652,
    "9": 1713828245.005783,
    "12": 1713723721.49658,
    "15": 1713566952.315858,
    "14": 1713828338.350813,
    "10": 1713566814.230432,
    "16": 1713723710.090636,
    "17": 1713827422.497359,
    "13": 1713723640.581719,
    "8": 1713723575.551931,
    "18": 1713828322.488445,
    "22": 1713566524.082243,
    "25": 1713828088.783864,
    "28": 1713723498.941015,
    "20": 1713828227.365022,
    "24": 1713828161.506083,
    "19": 1713827448.258665,
    "27": 1713828269.780776,
    "21": 1713828129.253334,
    "26": 1713828309.856802,
    "23": 1713827411.860555,
    "38": 1713723138.339038,
    "34": 1713827970.617693,
    "33": 1713827430.706206,
    "29": 1713723184.503844,
    "31": 1713723198.843925,
    "41": 1713828149.0328,
    "36": 1713827979.430101,
    "39": 1713827469.213634,
    "35": 1713828061.227614,
    "40": 1713827483.672136,
    "43": 1713828264.213226,
    "32": 1713723361.515628,
    "42": 1713828104.071807,
    "30": 1713723400.130159,
    "37": 1713827499.854761,
    "48": 1713826881.310226,
    "51": 1713826894.184682,
    "53": 1713826909.47477,
    "47": 1713826954.906463,
    "45": 1713827034.507045,
    "55": 1713827047.027537,
    "54": 1713827062.065829,
    "44": 1713827071.809741,
    "50": 1713827090.578493,
    "49": 1713827362.885546,
    "46": 1713827374.239541,
    "52": 1713827380.797521
}