{
    "1": 1713723440.261705,
    "2": 1713723471.02985,
    "7": 1713567029.147871,
    "5": 1713566956.973569,
    "6": 1713566728.861415,
    "0": 1713723419.0278,
    "4": 1713566695.758195,
    "3": 1713723602.541955,
    "11": 1713723660.801652,
    "9": 1713723454.571893,
    "12": 1713723721.49658,
    "15": 1713566952.315858,
    "14": 1713723765.050021,
    "10": 1713566814.230432,
    "16": 1713723710.090636,
    "17": 1713827422.497359,
    "13": 1713723640.581719,
    "8": 1713723575.551931,
    "18": 1713566963.990665,
    "22": 1713566524.082243,
    "25": 1713566882.587818,
    "28": 1713723498.941015,
    "20": 1713566973.26353,
    "24": 1713723672.174799,
    "19": 1713827448.258665,
    "27": 1713723587.286992,
    "21": 1713566755.227499,
    "26": 1713566403.025037,
    "23": 1713827411.860555,
    "38": 1713723138.339038,
    "34": 1713723151.762695,
    "33": 1713827430.706206,
    "29": 1713723184.503844,
    "31": 1713723198.843925,
    "41": 1713723209.602033,
    "36": 1713723219.644767,
    "39": 1713827469.213634,
    "35": 1713723263.847579,
    "40": 1713827483.672136,
    "43": 1713723350.012215,
    "32": 1713723361.515628,
    "42": 1713723369.472292,
    "30": 1713723400.130159,
    "37": 1713827499.854761,
    "48": 1713826881.310226,
    "51": 1713826894.184682,
    "53": 1713826909.47477,
    "52": 1713826932.163154,
    "47": 1713826954.906463,
    "45": 1713827034.507045,
    "55": 1713827047.027537,
    "54": 1713827062.065829,
    "44": 1713827071.809741,
    "50": 1713827090.578493,
    "49": 1713827362.885546,
    "46": 1713827374.239541,
    "56": 1713827380.797521
}