{
    "0": 1708650183.801552,
    "1": 1708650018.008756,
    "4": 1708483001.334539,
    "3": 1708649941.755324,
    "2": 1708650026.501063,
    "5": 1708650156.534682,
    "6": 1708648743.758281,
    "12": 1708650006.746239,
    "14": 1708649968.319803,
    "11": 1708482520.179425,
    "9": 1708648722.973427,
    "13": 1708650269.288007,
    "7": 1708650190.432703,
    "8": 1708650166.570877,
    "10": 1708482677.340629,
    "15": 1708648704.465938,
    "21": 1708649932.606539,
    "16": 1708650048.624958,
    "19": 1708649901.868447,
    "22": 1708650215.54964,
    "17": 1708483056.505265,
    "23": 1708650209.448381,
    "20": 1708650144.191592,
    "18": 1708650258.807739,
    "25": 1708648580.698011,
    "26": 1708648589.546324,
    "27": 1708648617.304651,
    "29": 1708648626.744056,
    "30": 1708650197.034094,
    "24": 1708650176.933671,
    "28": 1708648689.289894
}