{
    "0": 1708287220.736809,
    "1": 1708287253.727146,
    "4": 1708287267.033112,
    "3": 1708287158.063113,
    "2": 1708287274.316084,
    "5": 1708287234.227001,
    "6": 1708287147.37736
}