{
    "5": 1713137250.481057,
    "2": 1712787812.995456,
    "3": 1712960313.419729,
    "1": 1713036715.794418,
    "4": 1713137175.875451,
    "0": 1712875730.847159,
    "9": 1713137088.294059,
    "10": 1713036385.237935,
    "11": 1713137244.317511,
    "7": 1713220905.356852,
    "6": 1713137437.296605,
    "12": 1713137538.883898,
    "8": 1713220896.413963,
    "15": 1713137314.293801,
    "16": 1712875719.972604,
    "14": 1713220701.531889,
    "13": 1713137183.483355,
    "17": 1713137224.382846,
    "23": 1713137028.722156,
    "24": 1713220931.532109,
    "25": 1713220825.77808,
    "18": 1713137455.3029,
    "26": 1713137519.043822,
    "20": 1713220914.163534,
    "22": 1712875408.568158,
    "19": 1713220665.130711,
    "21": 1713137286.611427,
    "31": 1713220792.478519,
    "33": 1713137431.114263,
    "30": 1713137206.059085,
    "28": 1712960103.46037,
    "27": 1713137465.360017,
    "29": 1713137424.5082,
    "35": 1713137052.15402,
    "34": 1713137503.996105,
    "32": 1713036539.537851,
    "36": 1713220679.910193,
    "37": 1713220710.280015,
    "41": 1713220692.268027,
    "45": 1713137322.81689,
    "43": 1713036055.34731,
    "42": 1713220887.286573,
    "38": 1713137483.400199,
    "44": 1713036494.709815,
    "40": 1713137303.069261,
    "39": 1713220872.763085,
    "50": 1713136925.25324,
    "46": 1713136948.568698,
    "47": 1713136972.158456,
    "51": 1713136989.15218,
    "48": 1713220947.180066,
    "49": 1713137012.365665,
    "56": 1713220583.295687,
    "55": 1713220591.025468,
    "53": 1713220958.2461,
    "52": 1713220622.467851,
    "54": 1713220630.499393
}