{
    "3": 1711917789.225792,
    "5": 1711917730.942462,
    "1": 1711913714.229894,
    "2": 1711917718.201945,
    "6": 1712003325.856245,
    "7": 1711917722.050944,
    "4": 1711917683.025606,
    "0": 1711913573.861111,
    "12": 1712003291.740993,
    "8": 1712003301.186075,
    "11": 1712003276.753371,
    "10": 1711917688.340146,
    "9": 1711917707.049607,
    "20": 1712003365.428418,
    "17": 1712003251.424107,
    "16": 1712003373.678456,
    "14": 1711913597.985532,
    "18": 1711913543.689757,
    "15": 1711917756.975928,
    "13": 1711917744.648402,
    "19": 1712003347.40632,
    "23": 1712003073.283968,
    "27": 1712003090.523143,
    "26": 1712003312.18679,
    "30": 1712003113.446234,
    "29": 1712003121.137598,
    "24": 1712003129.746703,
    "22": 1712003143.152495,
    "28": 1712003152.837884,
    "21": 1712003161.826398,
    "25": 1712003386.69937
}