{
    "5": 1711495444.514514,
    "7": 1711401774.768918,
    "8": 1711402423.469253,
    "6": 1711495501.148472,
    "3": 1711495454.31671,
    "2": 1711402585.166336,
    "1": 1711223160.212107,
    "0": 1711402118.366658,
    "4": 1711495657.590001,
    "15": 1711495509.508907,
    "14": 1711309225.793629,
    "10": 1711402636.844817,
    "9": 1711401512.957679,
    "11": 1711401990.038238,
    "12": 1711401753.305404,
    "13": 1711401848.442472,
    "16": 1711495692.856921,
    "21": 1711495418.148838,
    "18": 1711495404.62136,
    "19": 1711402620.078635,
    "20": 1711230757.483081,
    "24": 1711402438.636999,
    "22": 1711402605.731067,
    "17": 1711495312.10173,
    "23": 1711309075.234563,
    "29": 1711495609.150196,
    "30": 1711309007.949804,
    "27": 1711401826.934201,
    "31": 1711401802.247191,
    "25": 1711401791.791682,
    "28": 1711401531.181243,
    "32": 1711495723.155298,
    "26": 1711401620.446623,
    "39": 1711495432.692421,
    "38": 1711308644.169928,
    "36": 1711495486.96907,
    "41": 1711401632.167103,
    "37": 1711495588.722333,
    "40": 1711495472.193322,
    "35": 1711401978.522082,
    "34": 1711495700.640043,
    "33": 1711402058.417993,
    "42": 1711495389.397859,
    "47": 1711401380.87681,
    "50": 1711401389.198804,
    "43": 1711401397.487007,
    "44": 1711402410.913094,
    "51": 1711495709.613041,
    "49": 1711401422.934698,
    "46": 1711495679.70087,
    "45": 1711495622.227713,
    "48": 1711495652.292914,
    "60": 1711495048.058698,
    "58": 1711495086.081259,
    "53": 1711495108.222819,
    "54": 1711495118.428592,
    "56": 1711495144.468323,
    "52": 1711495156.593236,
    "55": 1711495235.241378,
    "59": 1711495272.389195,
    "57": 1711495292.945148
}