{
    "5": 1714348224.546902,
    "1": 1714694592.787394,
    "6": 1714348389.556923,
    "4": 1713567129.282617,
    "3": 1714694848.215913,
    "0": 1714004234.096621,
    "2": 1713487657.713,
    "11": 1714004777.180366,
    "12": 1714260948.065459,
    "10": 1714173965.741553,
    "13": 1714694413.405405,
    "7": 1714004551.284808,
    "9": 1714173919.34662,
    "8": 1713305406.915369,
    "15": 1714694867.264309,
    "20": 1714004232.810284,
    "14": 1714004864.473357,
    "18": 1714004813.190166,
    "16": 1714173855.507198,
    "19": 1714694786.530769,
    "17": 1714004440.821462,
    "21": 1714004760.861618,
    "24": 1714004028.350831,
    "22": 1714694755.917971,
    "28": 1714260925.17221,
    "27": 1714004071.770514,
    "25": 1714348269.817574,
    "26": 1714261036.420279,
    "23": 1713305197.172528,
    "29": 1714004647.535478,
    "32": 1714004359.86842,
    "36": 1714694917.984165,
    "34": 1714261014.537289,
    "33": 1714173902.409801,
    "30": 1714348423.37801,
    "37": 1714004784.081212,
    "35": 1714004615.388949,
    "31": 1714004455.298522,
    "42": 1714695416.797983,
    "41": 1714348251.777021,
    "39": 1714004170.928195,
    "38": 1714004568.558991,
    "40": 1714173891.559049,
    "48": 1714694483.007658,
    "45": 1714695500.325345,
    "46": 1713221250.836456,
    "44": 1714004526.450341,
    "47": 1713724004.630118,
    "43": 1714261102.946015,
    "52": 1714004531.957217,
    "53": 1713723890.660577,
    "54": 1714004376.918497,
    "50": 1714004133.301569,
    "49": 1714173872.899887,
    "55": 1714004752.745372,
    "51": 1714004626.382392,
    "58": 1714695297.984315,
    "59": 1713305694.12986,
    "57": 1714695546.337537,
    "56": 1714004825.025604,
    "60": 1714261158.134169,
    "66": 1713487648.5917,
    "67": 1714004398.407134,
    "68": 1713724059.282319,
    "61": 1714348232.471873,
    "69": 1714695273.343542,
    "63": 1713724077.059971,
    "65": 1714348359.698713,
    "62": 1714004663.927865,
    "64": 1714004412.437028,
    "74": 1714695484.029954,
    "76": 1714004561.720383,
    "73": 1714004339.087376,
    "71": 1714004642.14602,
    "70": 1714694371.228003,
    "72": 1714173842.934738,
    "78": 1714004798.709891,
    "77": 1714173950.495424,
    "75": 1714348401.154344,
    "79": 1713220679.910193,
    "80": 1714004368.770977,
    "84": 1713220692.268027,
    "88": 1714004042.30332,
    "86": 1714173832.237894,
    "85": 1714348290.768388,
    "81": 1713723923.072903,
    "87": 1714004853.133579,
    "83": 1714004113.704511,
    "82": 1714004842.057067,
    "93": 1714173940.901673,
    "89": 1714695143.406193,
    "90": 1714261085.83984,
    "94": 1714348381.641493,
    "91": 1713723970.915905,
    "92": 1714004433.351113,
    "99": 1714694942.736493,
    "98": 1713220591.025468,
    "96": 1714261139.129844,
    "95": 1714348310.784762,
    "97": 1714004329.469885,
    "101": 1713723440.261705,
    "102": 1713723471.02985,
    "107": 1714261120.946867,
    "105": 1713828073.760327,
    "106": 1713566728.861415,
    "100": 1713828237.541719,
    "104": 1714695490.969147,
    "103": 1713723602.541955,
    "111": 1714695091.102694,
    "109": 1713828245.005783,
    "112": 1714695057.470901,
    "115": 1713566952.315858,
    "114": 1714694475.630259,
    "110": 1714261061.530756,
    "116": 1713723710.090636,
    "117": 1713827422.497359,
    "113": 1714694644.881756,
    "108": 1713723575.551931,
    "118": 1713828322.488445,
    "122": 1713566524.082243,
    "125": 1714695535.501028,
    "128": 1714348324.762567,
    "120": 1713828227.365022,
    "124": 1713828161.506083,
    "119": 1714695254.932658,
    "127": 1714694425.727143,
    "121": 1713828129.253334,
    "126": 1713828309.856802,
    "123": 1713827411.860555,
    "138": 1713723138.339038,
    "134": 1713827970.617693,
    "133": 1714695580.176708,
    "129": 1714694561.560691,
    "131": 1714694655.150423,
    "141": 1713828149.0328,
    "136": 1714694894.80756,
    "139": 1713827469.213634,
    "135": 1714695226.844078,
    "140": 1713827483.672136,
    "143": 1713828264.213226,
    "132": 1714695175.244719,
    "142": 1714695524.342817,
    "130": 1714694825.517577,
    "137": 1713827499.854761,
    "148": 1714695405.138745,
    "151": 1714694534.719951,
    "153": 1713826909.47477,
    "147": 1714695457.722284,
    "145": 1713827034.507045,
    "155": 1714694950.426402,
    "154": 1714695217.745831,
    "144": 1714695612.720375,
    "150": 1714695187.986869,
    "149": 1713827362.885546,
    "146": 1713827374.239541,
    "152": 1714694878.224548,
    "160": 1714347792.788996,
    "159": 1714348045.917441,
    "158": 1714173636.525635,
    "156": 1714260421.100698,
    "157": 1714347917.350323,
    "163": 1714347850.214386,
    "172": 1714260317.947892,
    "166": 1714347907.579407,
    "161": 1714173758.081856,
    "176": 1714347836.993426,
    "168": 1714348101.391585,
    "169": 1714173778.270677,
    "164": 1714348008.487246,
    "175": 1714347861.74994,
    "167": 1714173319.859112,
    "165": 1714347925.482299,
    "170": 1714260363.5908,
    "162": 1714348057.793204,
    "174": 1714260235.641616,
    "171": 1714347821.418491,
    "173": 1714347693.008644,
    "178": 1714348135.726341,
    "181": 1714348022.819353,
    "184": 1714348121.034276,
    "180": 1714347729.325587,
    "179": 1714348109.784809,
    "182": 1714348036.029309,
    "177": 1714347883.864353,
    "183": 1714347810.176008,
    "187": 1714348151.539061,
    "185": 1714347623.793029,
    "189": 1714347631.384652,
    "191": 1714347637.747078,
    "192": 1714347645.260597,
    "188": 1714347653.657699,
    "186": 1714347665.158997,
    "190": 1714347678.27012,
    "209": 1714518150.047528,
    "206": 1714518174.101238,
    "207": 1714518188.65857,
    "214": 1714518204.749026,
    "213": 1714518212.427244,
    "205": 1714518221.189553,
    "211": 1714518228.979301,
    "200": 1714518238.31478,
    "198": 1714518245.563451,
    "194": 1714518256.045871,
    "193": 1714518322.794961,
    "195": 1714518328.318136,
    "202": 1714518335.874937,
    "203": 1714518343.08033,
    "208": 1714518347.528241,
    "201": 1714518352.794101,
    "199": 1714518359.918309,
    "197": 1714518365.706829,
    "210": 1714518371.76474,
    "196": 1714518381.600929,
    "212": 1714518391.628917,
    "204": 1714518405.550121,
    "220": 1714694073.757212,
    "216": 1714523938.197157,
    "217": 1714694117.432975,
    "215": 1714694167.934888,
    "219": 1714518753.49614,
    "218": 1714694134.642685,
    "226": 1714693062.739976,
    "224": 1714693098.892886,
    "222": 1714693110.690141,
    "221": 1714693124.742936,
    "228": 1714693136.480784,
    "229": 1714693165.02759,
    "223": 1714693173.483436,
    "225": 1714694042.014569,
    "227": 1714694044.400165
}