{
    "5": 1714348224.546902,
    "1": 1713221226.533348,
    "6": 1714348389.556923,
    "4": 1713567129.282617,
    "3": 1713487601.185163,
    "0": 1714004234.096621,
    "2": 1713487657.713,
    "11": 1714004777.180366,
    "12": 1714260948.065459,
    "10": 1714173965.741553,
    "13": 1713221541.155102,
    "7": 1714004551.284808,
    "9": 1714173919.34662,
    "8": 1713305406.915369,
    "15": 1713305354.825024,
    "20": 1714004232.810284,
    "14": 1714004864.473357,
    "18": 1714004813.190166,
    "16": 1714173855.507198,
    "19": 1713305686.060736,
    "17": 1714004440.821462,
    "21": 1714004760.861618,
    "24": 1714004028.350831,
    "22": 1713221158.114955,
    "28": 1714260925.17221,
    "27": 1714004071.770514,
    "25": 1714348269.817574,
    "26": 1714261036.420279,
    "23": 1713305197.172528,
    "29": 1714004647.535478,
    "32": 1714004359.86842,
    "36": 1713305754.320521,
    "34": 1714261014.537289,
    "33": 1714173902.409801,
    "30": 1714348423.37801,
    "37": 1714004784.081212,
    "35": 1714004615.388949,
    "31": 1714004455.298522,
    "42": 1714004060.479822,
    "41": 1714348251.777021,
    "39": 1714004170.928195,
    "38": 1714004568.558991,
    "40": 1714173891.559049,
    "48": 1713723996.350202,
    "45": 1714004180.868122,
    "46": 1713221250.836456,
    "44": 1714004526.450341,
    "47": 1713724004.630118,
    "43": 1714261102.946015,
    "52": 1714004531.957217,
    "53": 1713723890.660577,
    "54": 1714004376.918497,
    "50": 1714004133.301569,
    "49": 1714173872.899887,
    "55": 1714004752.745372,
    "51": 1714004626.382392,
    "58": 1713305800.955376,
    "59": 1713305694.12986,
    "57": 1713567173.64375,
    "56": 1714004825.025604,
    "60": 1714261158.134169,
    "66": 1713487648.5917,
    "67": 1714004398.407134,
    "68": 1713724059.282319,
    "61": 1714348232.471873,
    "69": 1713305433.499842,
    "63": 1713724077.059971,
    "65": 1714348359.698713,
    "62": 1714004663.927865,
    "64": 1714004412.437028,
    "74": 1713220792.478519,
    "76": 1714004561.720383,
    "73": 1714004339.087376,
    "71": 1714004642.14602,
    "70": 1713305418.074525,
    "72": 1714173842.934738,
    "78": 1714004798.709891,
    "77": 1714173950.495424,
    "75": 1714348401.154344,
    "79": 1713220679.910193,
    "80": 1714004368.770977,
    "84": 1713220692.268027,
    "88": 1714004042.30332,
    "86": 1714173832.237894,
    "85": 1714348290.768388,
    "81": 1713723923.072903,
    "87": 1714004853.133579,
    "83": 1714004113.704511,
    "82": 1714004842.057067,
    "93": 1714173940.901673,
    "89": 1713305390.621293,
    "90": 1714261085.83984,
    "94": 1714348381.641493,
    "91": 1713723970.915905,
    "92": 1714004433.351113,
    "99": 1713567232.40009,
    "98": 1713220591.025468,
    "96": 1714261139.129844,
    "95": 1714348310.784762,
    "97": 1714004329.469885,
    "101": 1713723440.261705,
    "102": 1713723471.02985,
    "107": 1714261120.946867,
    "105": 1713828073.760327,
    "106": 1713566728.861415,
    "100": 1713828237.541719,
    "104": 1713827998.801626,
    "103": 1713723602.541955,
    "111": 1713723660.801652,
    "109": 1713828245.005783,
    "112": 1713723721.49658,
    "115": 1713566952.315858,
    "114": 1713828338.350813,
    "110": 1714261061.530756,
    "116": 1713723710.090636,
    "117": 1713827422.497359,
    "113": 1713723640.581719,
    "108": 1713723575.551931,
    "118": 1713828322.488445,
    "122": 1713566524.082243,
    "125": 1713828088.783864,
    "128": 1714348324.762567,
    "120": 1713828227.365022,
    "124": 1713828161.506083,
    "119": 1713827448.258665,
    "127": 1713828269.780776,
    "121": 1713828129.253334,
    "126": 1713828309.856802,
    "123": 1713827411.860555,
    "138": 1713723138.339038,
    "134": 1713827970.617693,
    "133": 1713827430.706206,
    "129": 1713723184.503844,
    "131": 1713723198.843925,
    "141": 1713828149.0328,
    "136": 1713827979.430101,
    "139": 1713827469.213634,
    "135": 1713828061.227614,
    "140": 1713827483.672136,
    "143": 1713828264.213226,
    "132": 1713723361.515628,
    "142": 1713828104.071807,
    "130": 1713723400.130159,
    "137": 1713827499.854761,
    "148": 1713826881.310226,
    "151": 1713826894.184682,
    "153": 1713826909.47477,
    "147": 1713826954.906463,
    "145": 1713827034.507045,
    "155": 1713827047.027537,
    "154": 1713827062.065829,
    "144": 1713827071.809741,
    "150": 1713827090.578493,
    "149": 1713827362.885546,
    "146": 1713827374.239541,
    "152": 1713827380.797521
}