{
    "5": 1712960665.97475,
    "1": 1712617787.829932,
    "6": 1712960501.353589,
    "4": 1712960745.55166,
    "3": 1712960759.121072,
    "0": 1712960793.535023,
    "2": 1712960487.976733,
    "11": 1712875964.608262,
    "12": 1712960778.321049,
    "10": 1712960569.243379,
    "13": 1712787983.060011,
    "7": 1712960716.38242,
    "9": 1712788293.08017,
    "8": 1712876046.7221,
    "15": 1712875920.726559,
    "20": 1712960734.17839,
    "14": 1712788180.487258,
    "18": 1712703802.952715,
    "16": 1712875931.375584,
    "19": 1712788033.020078,
    "17": 1712960426.371678,
    "21": 1712703668.29565,
    "24": 1712876033.718513,
    "22": 1712960557.93644,
    "28": 1712960517.7041,
    "27": 1712788189.557206,
    "25": 1712960537.967484,
    "26": 1712876017.123185,
    "23": 1712788169.171235,
    "29": 1712960767.280194,
    "32": 1712788159.898254,
    "36": 1712703697.999374,
    "34": 1712960448.307019,
    "33": 1712875844.900983,
    "30": 1712960474.21089,
    "37": 1712960801.57037,
    "35": 1712788074.118292,
    "31": 1712960657.662738,
    "42": 1712788256.154907,
    "41": 1712875979.266625,
    "39": 1712875900.304353,
    "38": 1712960545.806428,
    "40": 1712875949.622522
}