{
    "5": 1713221280.024274,
    "1": 1713221226.533348,
    "6": 1713723874.090513,
    "4": 1713567129.282617,
    "3": 1713487601.185163,
    "0": 1712960793.535023,
    "2": 1713487657.713,
    "11": 1712875964.608262,
    "12": 1713305367.444133,
    "10": 1712960569.243379,
    "13": 1713221541.155102,
    "7": 1713221437.564952,
    "9": 1713305456.552286,
    "8": 1713305406.915369,
    "15": 1713305354.825024,
    "20": 1713305181.655133,
    "14": 1713487562.74588,
    "18": 1713305113.349866,
    "16": 1713567248.237604,
    "19": 1713305686.060736,
    "17": 1712960426.371678,
    "21": 1713221531.987235,
    "24": 1712876033.718513,
    "22": 1713221158.114955,
    "28": 1713567254.035606,
    "27": 1713221206.032158,
    "25": 1713305477.012749,
    "26": 1713221465.519867,
    "23": 1713305197.172528,
    "29": 1713305140.911644,
    "32": 1713221362.630216,
    "36": 1713305754.320521,
    "34": 1713221395.81554,
    "33": 1713305148.51691,
    "30": 1713567208.70072,
    "37": 1713305397.722177,
    "35": 1713221502.177836,
    "31": 1713221404.388352,
    "42": 1713221238.703875,
    "41": 1712875979.266625,
    "39": 1713305725.989442,
    "38": 1713221214.784906,
    "40": 1713221383.799934,
    "48": 1713723996.350202,
    "45": 1713305133.051129,
    "46": 1713221250.836456,
    "44": 1713036715.794418,
    "47": 1713724004.630118,
    "43": 1713305251.231324,
    "52": 1713137088.294059,
    "53": 1713723890.660577,
    "54": 1713305736.951752,
    "50": 1713220905.356852,
    "49": 1713567190.2466,
    "55": 1713305602.337369,
    "51": 1713220896.413963,
    "58": 1713305800.955376,
    "59": 1713305694.12986,
    "57": 1713567173.64375,
    "56": 1713487576.220609,
    "60": 1713305653.207836,
    "66": 1713487648.5917,
    "67": 1713220931.532109,
    "68": 1713724059.282319,
    "61": 1713723983.482704,
    "69": 1713305433.499842,
    "63": 1713724077.059971,
    "65": 1713305224.09022,
    "62": 1713220665.130711,
    "64": 1713305771.522535,
    "74": 1713220792.478519,
    "76": 1713137431.114263,
    "73": 1713137206.059085,
    "71": 1713305237.35017,
    "70": 1713305418.074525,
    "72": 1713137424.5082,
    "78": 1713137052.15402,
    "77": 1713567122.78021,
    "75": 1713305121.85727,
    "79": 1713220679.910193,
    "80": 1713220710.280015,
    "84": 1713220692.268027,
    "88": 1713137322.81689,
    "86": 1713487591.295167,
    "85": 1713220887.286573,
    "81": 1713723923.072903,
    "87": 1713487636.170726,
    "83": 1713137303.069261,
    "82": 1713567164.476624,
    "93": 1713136925.25324,
    "89": 1713305390.621293,
    "90": 1713305635.102083,
    "94": 1713724033.627872,
    "91": 1713723970.915905,
    "92": 1713305492.221657,
    "99": 1713567232.40009,
    "98": 1713220591.025468,
    "96": 1713220958.2461,
    "95": 1713220622.467851,
    "97": 1713220630.499393
}