{
    "16": 1708131848.01171,
    "18": 1708131869.94326,
    "19": 1708131882.210212,
    "20": 1708131889.23808,
    "17": 1708131910.770876,
    "15": 1708131921.963439,
    "14": 1708131937.589334,
    "0": 1708131947.345411,
    "1": 1708131954.909325,
    "8": 1708131972.754877,
    "10": 1708132014.134677,
    "7": 1708132119.677483,
    "5": 1708132126.542843,
    "3": 1708132132.634705,
    "4": 1708132143.783573,
    "6": 1708132152.550393,
    "11": 1708132161.616103,
    "12": 1708132173.946109,
    "9": 1708132184.475229,
    "13": 1708132196.14686,
    "2": 1708132211.659715
}