{
    "4": 1709688573.744989,
    "3": 1709688367.548782,
    "2": 1709688525.515243,
    "5": 1709688506.245062,
    "1": 1709688542.948196,
    "0": 1709688511.574552,
    "6": 1709688558.280623,
    "8": 1709688223.337121,
    "11": 1709688310.098089,
    "7": 1709688374.620519,
    "9": 1709600148.560611,
    "10": 1709688565.076345,
    "15": 1709688517.334148,
    "17": 1709688531.330075,
    "14": 1709600255.772502,
    "16": 1709600283.998375,
    "13": 1709688410.697008,
    "12": 1709688399.947455,
    "18": 1709600301.190145,
    "22": 1709688145.185835,
    "20": 1709688164.055277,
    "24": 1709688175.281499,
    "23": 1709688182.772651,
    "19": 1709688539.725975,
    "21": 1709688202.84798,
    "25": 1709688208.39145
}