{
    "4": 1710028293.204719,
    "3": 1710027670.314356,
    "2": 1709855575.232474,
    "5": 1709855404.410557,
    "1": 1710027805.839121,
    "0": 1710027747.94338,
    "6": 1710027939.119795,
    "8": 1710028238.689369,
    "11": 1710027814.195241,
    "7": 1710028052.085637,
    "9": 1709855645.638811,
    "10": 1709855780.61219,
    "15": 1709855993.866605,
    "17": 1710027759.578232,
    "14": 1709856174.608052,
    "16": 1710027731.853051,
    "13": 1710028192.524583,
    "12": 1710027696.334874,
    "18": 1709855426.313546,
    "22": 1710027531.217175,
    "20": 1710028185.909428,
    "24": 1710028198.99613,
    "23": 1710027570.226688,
    "19": 1709856166.687656,
    "21": 1710028209.957388,
    "25": 1710027913.467133,
    "27": 1710028281.143581,
    "33": 1710027476.997661,
    "28": 1710028251.42662,
    "31": 1710028227.263516,
    "30": 1710027823.864647,
    "32": 1710027946.854449,
    "29": 1710028066.903247,
    "26": 1710028321.821222,
    "37": 1710027425.125164,
    "36": 1710027430.507057,
    "35": 1710027435.554524,
    "34": 1710027448.344887,
    "43": 1710119361.3207,
    "41": 1710119366.752649,
    "42": 1710119372.504065,
    "38": 1710119389.583811,
    "39": 1710119397.875502,
    "40": 1710119403.934398,
    "44": 1710119408.791358
}