{
    "4": 1709856205.750468,
    "3": 1709855614.23627,
    "2": 1709855575.232474,
    "5": 1709855404.410557,
    "1": 1709855580.088758,
    "0": 1709688511.574552,
    "6": 1709856130.794392,
    "8": 1709855595.149376,
    "11": 1709856211.913677,
    "7": 1709856195.77922,
    "9": 1709855645.638811,
    "10": 1709855780.61219,
    "15": 1709855993.866605,
    "17": 1709856059.401111,
    "14": 1709856174.608052,
    "16": 1709856141.018046,
    "13": 1709688410.697008,
    "12": 1709856122.313413,
    "18": 1709855426.313546,
    "22": 1709855547.206904,
    "20": 1709855444.020535,
    "24": 1709688175.281499,
    "23": 1709855747.544202,
    "19": 1709856166.687656,
    "21": 1709855802.994431,
    "25": 1709855983.702525,
    "27": 1709856024.056461,
    "33": 1709856182.761993,
    "28": 1709855286.001416,
    "31": 1709856145.237226,
    "30": 1709856034.01948,
    "32": 1709856004.004514,
    "29": 1709855823.373376,
    "26": 1709856015.167499
}